Date,Open,High,Low,Close,Volume
2/25/2022,163.84,165.12,160.87,164.85,"91,974,227"
2/24/2022,152.58,162.85,152,162.74,"141,147,500"
2/23/2022,165.54,166.15,159.75,160.07,"90,009,250"
2/22/2022,164.98,166.69,162.15,164.32,"91,162,758"
2/18/2022,169.82,170.54,166.19,167.3,"82,772,672"
2/17/2022,171.03,171.91,168.47,168.88,"69,589,344"
2/16/2022,171.85,173.34,170.05,172.55,"61,177,398"
2/15/2022,170.97,172.95,170.25,172.79,"64,286,320"
2/14/2022,167.37,169.58,166.56,168.88,"86,185,531"
2/11/2022,172.33,173.08,168.04,168.64,"98,670,688"
2/10/2022,174.14,175.48,171.55,172.12,"90,865,906"
2/9/2022,176.05,176.65,174.9,176.28,"71,285,039"
2/8/2022,171.73,175.35,171.43,174.83,"74,829,219"
2/7/2022,172.86,173.95,170.95,171.66,"77,251,203"
2/4/2022,171.68,174.1,170.68,172.39,"82,465,398"
2/3/2022,174.48,176.24,172.12,172.9,"89,418,070"
2/2/2022,174.75,175.88,173.33,175.84,"84,914,258"
2/1/2022,174.01,174.84,172.31,174.61,"86,213,914"
1/31/2022,170.16,175,169.51,174.78,"115,541,602"
1/28/2022,165.71,170.35,162.8,170.33,"179,935,703"
1/27/2022,162.45,163.84,158.28,159.22,"121,954,602"
1/26/2022,163.5,164.39,157.82,159.69,"108,275,297"
1/25/2022,158.98,162.76,157.02,159.78,"115,798,398"
1/24/2022,160.02,162.3,154.7,161.62,"162,706,703"
1/21/2022,164.42,166.33,162.3,162.41,"122,848,898"
1/20/2022,166.98,169.68,164.18,164.51,"91,420,523"
1/19/2022,170,171.08,165.94,166.23,"94,814,992"
1/18/2022,171.51,172.54,169.41,169.8,"91,168,727"
1/14/2022,171.34,173.78,171.09,173.07,"80,440,781"
1/13/2022,175.78,176.62,171.79,172.19,"84,505,758"
1/12/2022,176.12,177.18,174.82,175.53,"74,805,172"
1/11/2022,172.32,175.18,170.82,175.08,"76,138,312"
1/10/2022,169.08,172.5,168.17,172.19,"106,765,602"
1/7/2022,172.89,174.14,171.03,172.17,"86,709,148"
1/6/2022,172.7,175.3,171.64,172,"96,903,961"
1/5/2022,179.61,180.17,174.64,174.92,"94,537,602"
1/4/2022,182.63,182.94,179.12,179.7,"99,310,438"
1/3/2022,177.83,182.88,177.71,182.01,"104,701,203"
12/31/2021,178.09,179.23,177.26,177.57,"64,062,262"
12/30/2021,179.47,180.57,178.09,178.2,"59,773,008"
12/29/2021,179.33,180.63,178.14,179.38,"62,348,930"
12/28/2021,180.16,181.33,178.53,179.29,"79,144,336"
12/27/2021,177.09,180.42,177.07,180.33,"74,919,586"
12/23/2021,175.85,176.85,175.27,176.28,"68,356,570"
12/22/2021,173.04,175.86,172.15,175.64,"92,135,297"
12/21/2021,171.56,173.2,169.12,172.99,"91,185,914"
12/20/2021,168.28,170.58,167.46,169.75,"107,499,102"
12/17/2021,169.93,173.47,169.69,171.14,"195,923,391"
12/16/2021,179.28,181.14,170.75,172.26,"150,185,797"
12/15/2021,175.11,179.5,172.31,179.3,"131,063,297"
12/14/2021,175.25,177.74,172.21,174.33,"139,380,406"
12/13/2021,181.12,182.13,175.53,175.74,"153,236,984"
12/10/2021,175.21,179.63,174.69,179.45,"115,402,703"
12/9/2021,174.91,176.75,173.92,174.56,"108,923,695"
12/8/2021,172.13,175.96,170.7,175.08,"116,998,898"
12/7/2021,169.08,171.58,168.34,171.18,"120,405,398"
12/6/2021,164.29,167.88,164.28,165.32,"107,497,000"
12/3/2021,164.02,164.96,159.72,161.84,"118,023,102"
12/2/2021,158.74,164.2,157.8,163.76,"136,739,203"
12/1/2021,167.48,170.3,164.53,164.77,"152,423,016"
11/30/2021,159.99,165.52,159.92,165.3,"174,048,094"
11/29/2021,159.37,161.19,158.79,160.24,"88,748,227"
11/26/2021,159.57,160.45,156.36,156.81,"76,959,750"
11/24/2021,160.75,162.14,159.64,161.94,"69,463,617"
11/23/2021,161.12,161.8,159.06,161.41,"96,041,906"
11/22/2021,161.68,165.7,161,161.02,"117,467,906"
11/19/2021,157.65,161.02,156.53,160.55,"117,305,602"
11/18/2021,153.71,158.67,153.05,157.87,"137,827,703"
11/17/2021,151,155,150.99,153.49,"88,807,000"
11/16/2021,149.94,151.49,149.34,151,"59,256,207"
11/15/2021,150.37,151.88,149.43,150,"59,222,801"
11/12/2021,148.43,150.4,147.48,149.99,"63,804,008"
11/11/2021,148.96,149.43,147.68,147.87,"40,999,953"
11/10/2021,150.02,150.13,147.85,147.92,"65,187,090"
11/9/2021,150.2,151.43,150.06,150.81,"56,787,930"
11/8/2021,151.41,151.57,150.16,150.44,"55,020,871"
11/5/2021,151.89,152.2,150.06,151.28,"65,463,879"
11/4/2021,151.58,152.43,150.64,150.96,"60,394,621"
11/3/2021,150.39,151.97,149.82,151.49,"54,511,527"
11/2/2021,148.66,151.57,148.65,150.02,"69,121,992"
11/1/2021,148.99,149.7,147.8,148.96,"74,588,258"
10/29/2021,147.22,149.94,146.41,149.8,"124,953,203"
10/28/2021,149.82,153.17,149.72,152.57,"100,077,906"
10/27/2021,149.36,149.73,148.49,148.85,"56,094,930"
10/26/2021,149.33,150.84,149.01,149.32,"60,893,398"
10/25/2021,148.68,149.37,147.62,148.64,"50,720,559"
10/22/2021,149.69,150.18,148.64,148.69,"58,883,441"
10/21/2021,148.81,149.64,147.87,149.48,"61,420,992"
10/20/2021,148.7,149.75,148.12,149.26,"58,418,793"
10/19/2021,147.01,149.17,146.55,148.76,"76,378,891"
10/18/2021,143.45,146.84,143.16,146.55,"85,589,188"
10/15/2021,143.77,144.9,143.51,144.84,"67,940,328"
10/14/2021,142.11,143.88,141.51,143.76,"69,907,102"
10/13/2021,141.24,141.4,139.2,140.91,"78,762,719"
10/12/2021,143.23,143.25,141.04,141.51,"73,035,859"
10/11/2021,142.27,144.81,141.81,142.81,"64,452,219"
10/8/2021,144.03,144.18,142.56,142.9,"58,773,160"
10/7/2021,143.06,144.22,142.72,143.29,"61,732,660"
10/6/2021,139.47,142.15,138.37,142,"83,221,117"
10/5/2021,139.49,142.24,139.36,141.11,"80,861,055"
10/4/2021,141.76,142.21,138.27,139.14,"98,322,008"
10/1/2021,141.9,142.92,139.11,142.65,"94,639,586"
9/30/2021,143.66,144.38,141.28,141.5,"89,056,656"
9/29/2021,142.47,144.45,142.03,142.83,"74,602,039"
9/28/2021,143.25,144.75,141.69,141.91,"108,972,305"
9/27/2021,145.47,145.96,143.82,145.37,"74,150,727"
9/24/2021,145.66,147.47,145.56,146.92,"53,477,871"
9/23/2021,146.65,147.08,145.64,146.83,"64,838,168"
9/22/2021,144.45,146.43,143.7,145.85,"76,404,336"
9/21/2021,143.93,144.6,142.78,143.43,"75,833,961"
9/20/2021,143.8,144.84,141.27,142.94,"123,478,898"
9/17/2021,148.82,148.82,145.76,146.06,"129,868,797"
9/16/2021,148.44,148.97,147.22,148.79,"68,034,148"
9/15/2021,148.56,149.44,146.37,149.03,"83,281,320"
9/14/2021,150.35,151.07,146.91,148.12,"109,296,305"
9/13/2021,150.63,151.42,148.75,149.55,"102,404,305"
9/10/2021,155,155.48,148.7,148.97,"140,893,203"
9/9/2021,155.49,156.11,153.95,154.07,"57,305,727"
9/8/2021,156.98,157.04,153.98,155.11,"74,420,211"
9/7/2021,154.97,157.26,154.39,156.69,"82,278,258"
9/3/2021,153.76,154.63,153.09,154.3,"57,866,070"
9/2/2021,153.87,154.72,152.4,153.65,"71,171,320"
9/1/2021,152.83,154.98,152.34,152.51,"80,313,711"
8/31/2021,152.66,152.8,151.29,151.83,"86,453,117"
8/30/2021,149,153.49,148.61,153.12,"90,956,719"
8/27/2021,147.48,148.75,146.83,148.6,"55,802,391"
8/26/2021,148.35,149.12,147.51,147.54,"48,597,199"
8/25/2021,149.81,150.32,147.8,148.36,"58,991,301"
8/24/2021,149.45,150.86,149.15,149.62,"48,606,434"
8/23/2021,148.31,150.19,147.89,149.71,"60,131,809"
8/20/2021,147.44,148.5,146.78,148.19,"60,549,633"
8/19/2021,145.03,148,144.5,146.7,"86,960,312"
8/18/2021,149.8,150.72,146.15,146.36,"86,325,992"
8/17/2021,150.23,151.68,149.09,150.19,"92,229,742"
8/16/2021,148.54,151.19,146.47,151.12,"103,558,797"
8/13/2021,148.97,149.44,148.27,149.1,"59,375,008"
8/12/2021,146.19,149.05,145.84,148.89,"73,779,109"
8/11/2021,146.05,146.72,145.53,145.86,"48,493,461"
8/10/2021,146.44,147.71,145.3,145.6,"69,023,078"
8/9/2021,146.2,146.7,145.52,146.09,"48,908,688"
8/6/2021,146.35,147.11,145.63,146.14,"54,126,809"
8/5/2021,146.98,147.84,146.17,147.06,"46,397,672"
8/4/2021,147.27,147.79,146.28,146.95,"56,368,273"
8/3/2021,145.81,148.05,145.18,147.36,"64,786,621"
8/2/2021,146.36,146.95,145.25,145.52,"62,879,961"
7/30/2021,144.38,146.33,144.11,145.86,"70,440,633"
7/29/2021,144.69,146.55,144.58,145.64,"56,699,480"
7/28/2021,144.81,146.97,142.54,144.98,"118,931,203"
7/27/2021,149.12,149.21,145.55,146.77,"104,818,602"
7/26/2021,148.27,149.83,147.7,148.99,"72,434,086"
7/23/2021,147.55,148.72,146.92,148.56,"71,447,422"
7/22/2021,145.94,148.2,145.81,146.8,"77,338,156"
7/21/2021,145.53,146.13,144.63,145.4,"74,993,453"
7/20/2021,143.46,147.1,142.96,146.15,"96,350,039"
7/19/2021,143.75,144.07,141.67,142.45,"121,434,602"
7/16/2021,148.46,149.76,145.88,146.39,"93,251,430"
7/15/2021,149.24,150,147.09,148.48,"106,820,305"
7/14/2021,148.1,149.57,147.68,149.15,"127,050,797"
7/13/2021,144.03,147.46,143.63,145.64,"100,827,102"
7/12/2021,146.21,146.32,144,144.5,"76,299,719"
7/9/2021,142.75,145.65,142.65,145.11,"99,890,797"
7/8/2021,141.58,144.06,140.67,143.24,"105,575,508"
7/7/2021,143.54,144.89,142.66,144.57,"104,911,602"
7/6/2021,140.07,143.15,140.07,142.02,"108,181,797"
7/2/2021,137.9,140,137.75,139.96,"78,945,570"
7/1/2021,136.6,137.33,135.76,137.27,"52,485,781"
6/30/2021,136.17,137.41,135.87,136.96,"63,261,391"
6/29/2021,134.8,136.49,134.35,136.33,"64,556,078"
6/28/2021,133.41,135.25,133.35,134.78,"62,111,301"
6/25/2021,133.46,133.89,132.81,133.11,"70,783,750"
6/24/2021,134.45,134.64,132.93,133.41,"68,711,000"
6/23/2021,133.77,134.32,133.23,133.7,"60,214,199"
6/22/2021,132.13,134.08,131.62,133.98,"74,783,617"
6/21/2021,130.3,132.41,129.21,132.3,"79,663,320"
6/18/2021,130.71,131.51,130.24,130.46,"108,953,297"
6/17/2021,129.8,132.55,129.65,131.79,"96,721,672"
6/16/2021,130.37,130.89,128.46,130.15,"91,815,031"
6/15/2021,129.94,130.6,129.39,129.64,"62,746,328"
6/14/2021,127.82,130.54,127.07,130.48,"96,906,484"
6/11/2021,126.53,127.44,126.1,127.35,"53,522,367"
6/10/2021,127.02,128.19,125.94,126.11,"71,186,414"
6/9/2021,127.21,127.75,126.52,127.13,"56,877,941"
6/8/2021,126.6,128.46,126.21,126.74,"74,403,766"
6/7/2021,126.17,126.32,124.83,125.9,"71,057,555"
6/4/2021,124.07,126.16,123.85,125.89,"75,169,344"
6/3/2021,124.68,124.85,123.13,123.54,"76,229,172"
6/2/2021,124.28,125.24,124.05,125.06,"59,278,859"
6/1/2021,125.08,125.35,123.94,124.28,"67,637,117"
5/28/2021,125.57,125.8,124.55,124.61,"71,311,109"
5/27/2021,126.44,127.64,125.08,125.28,"94,625,602"
5/26/2021,126.96,127.39,126.42,126.85,"56,575,922"
5/25/2021,127.82,128.32,126.32,126.9,"72,009,477"
5/24/2021,126.01,127.94,125.94,127.1,"63,092,953"
5/21/2021,127.82,128,125.21,125.43,"79,295,438"
5/20/2021,125.23,127.72,125.1,127.31,"76,857,117"
5/19/2021,123.16,124.92,122.86,124.69,"92,611,992"
5/18/2021,126.56,126.99,124.78,124.85,"63,342,930"
5/17/2021,126.82,126.93,125.17,126.27,"74,116,555"
5/14/2021,126.25,127.89,125.85,127.45,"81,917,953"
5/13/2021,124.58,126.15,124.26,124.97,"105,861,297"
5/12/2021,123.4,124.64,122.25,122.77,"112,172,305"
5/11/2021,123.5,126.27,122.77,125.91,"126,142,797"
5/10/2021,129.41,129.54,126.81,126.85,"88,071,234"
5/7/2021,130.85,131.26,129.48,130.21,"78,973,273"
5/6/2021,127.89,129.75,127.13,129.74,"78,128,328"
5/5/2021,129.2,130.45,127.97,128.1,"84,000,898"
5/4/2021,131.19,131.49,126.7,127.85,"137,564,703"
5/3/2021,132.04,134.07,131.83,132.54,"75,135,102"
4/30/2021,131.78,133.56,131.07,131.46,"109,839,508"
4/29/2021,136.47,137.07,132.45,133.48,"151,100,984"
4/28/2021,134.31,135.02,133.08,133.58,"107,760,094"
4/27/2021,135.01,135.41,134.11,134.39,"66,015,797"
4/26/2021,134.83,135.06,133.56,134.72,"66,905,070"
4/23/2021,132.16,135.12,132.16,134.32,"78,756,781"
4/22/2021,133.04,134.15,131.41,131.94,"84,566,461"
4/21/2021,132.36,133.75,131.3,133.5,"68,847,133"
4/20/2021,135.02,135.53,131.81,133.11,"94,812,352"
4/19/2021,133.51,135.47,133.34,134.84,"94,264,227"
4/16/2021,134.3,134.67,133.28,134.16,"84,922,391"
4/15/2021,133.82,135,133.64,134.5,"89,347,102"
4/14/2021,134.94,135,131.66,132.03,"87,222,781"
4/13/2021,132.44,134.66,131.93,134.43,"91,266,555"
4/12/2021,132.52,132.85,130.63,131.24,"91,419,984"
4/9/2021,129.8,133.04,129.47,133,"106,686,703"
4/8/2021,128.95,130.39,128.52,130.36,"88,844,594"
4/7/2021,125.83,127.92,125.14,127.9,"83,466,719"
4/6/2021,126.5,127.13,125.65,126.21,"80,171,250"
4/5/2021,123.87,126.16,123.07,125.9,"88,651,188"
4/1/2021,123.66,124.18,122.49,123,"75,089,125"
3/31/2021,121.65,123.52,121.15,122.15,"118,323,797"
3/30/2021,120.11,120.4,118.86,119.9,"85,671,922"
3/29/2021,121.65,122.58,120.73,121.39,"80,819,203"
3/26/2021,120.35,121.48,118.92,121.21,"94,071,234"
3/25/2021,119.54,121.66,119,120.59,"98,844,680"
3/24/2021,122.82,122.9,120.07,120.09,"88,530,484"
3/23/2021,123.33,124.24,122.14,122.54,"95,467,133"
3/22/2021,120.33,123.87,120.26,123.39,"111,912,305"
3/19/2021,119.9,121.43,119.68,119.99,"185,549,500"
3/18/2021,122.88,123.18,120.32,120.53,"121,469,797"
3/17/2021,124.05,125.86,122.34,124.76,"111,932,602"
3/16/2021,125.7,127.22,124.72,125.57,"115,227,906"
3/15/2021,121.41,124,120.42,123.99,"92,590,562"
3/12/2021,120.4,121.17,119.16,121.03,"88,105,047"
3/11/2021,122.54,123.21,121.26,121.96,"103,026,492"
3/10/2021,121.69,122.17,119.45,119.98,"111,943,297"
3/9/2021,119.03,122.06,118.79,121.09,"129,525,797"
3/8/2021,120.93,121,116.21,116.36,"154,376,609"
3/5/2021,120.98,121.94,117.57,121.42,"153,766,594"
3/4/2021,121.75,123.6,118.62,120.13,"178,155,016"
3/3/2021,124.81,125.71,121.84,122.06,"112,966,305"
3/2/2021,128.41,128.72,125.01,125.12,"102,260,898"
3/1/2021,123.75,127.93,122.79,127.79,"116,307,906"
2/26/2021,122.59,124.85,121.2,121.26,"164,560,406"
2/25/2021,124.68,126.46,120.54,120.99,"148,199,500"
2/24/2021,124.94,125.56,122.23,125.35,"111,039,906"
2/23/2021,123.76,126.71,118.39,125.86,"158,272,984"
2/22/2021,128.01,129.72,125.6,126,"103,916,398"
2/19/2021,130.24,130.71,128.8,129.87,"87,668,828"
2/18/2021,129.2,130,127.41,129.71,"96,856,750"
2/17/2021,131.25,132.22,129.47,130.84,"98,085,250"
2/16/2021,135.49,136.01,132.79,133.19,"80,576,320"
2/12/2021,134.35,135.53,133.69,135.37,"60,145,129"
2/11/2021,135.9,136.39,133.77,135.13,"64,280,031"
2/10/2021,136.48,136.99,134.4,135.39,"73,046,562"
2/9/2021,136.62,137.88,135.85,136.01,"76,774,211"
2/8/2021,136.03,136.96,134.92,136.91,"71,297,211"
2/5/2021,137.35,137.42,135.86,136.76,"75,693,828"
2/4/2021,136.3,137.4,134.59,137.39,"84,183,055"
2/3/2021,135.76,135.77,133.61,133.94,"89,880,945"
2/2/2021,135.73,136.31,134.61,134.99,"83,305,367"
2/1/2021,133.75,135.38,130.93,134.14,"106,239,797"
1/29/2021,135.83,136.74,130.21,131.96,"177,523,812"
1/28/2021,139.52,141.99,136.7,137.09,"142,621,109"
1/27/2021,143.43,144.3,140.41,142.06,"140,843,812"
1/26/2021,143.6,144.3,141.37,143.16,"98,390,562"
1/25/2021,143.07,145.09,136.54,142.92,"157,611,703"
1/22/2021,136.28,139.85,135.02,139.07,"114,459,398"
1/21/2021,133.8,139.67,133.59,136.87,"120,529,508"
1/20/2021,128.66,132.49,128.55,132.03,"104,319,508"
1/19/2021,127.78,128.71,126.94,127.83,"90,757,328"
1/15/2021,128.78,130.22,127,127.14,"111,598,492"
1/14/2021,130.8,131,128.76,128.91,"90,221,758"
1/13/2021,128.76,131.45,128.49,130.89,"88,636,828"
1/12/2021,128.5,129.69,126.86,128.8,"91,951,148"
1/11/2021,129.19,130.17,128.5,128.98,"100,620,898"
1/8/2021,132.43,132.63,130.23,132.05,"105,158,203"
1/7/2021,128.36,131.63,127.86,130.92,"109,578,203"
1/6/2021,127.72,131.05,126.38,126.6,"155,088,000"
1/5/2021,128.89,131.74,128.43,131.01,"97,664,898"
1/4/2021,133.52,133.61,126.76,129.41,"143,301,906"
12/31/2020,134.08,134.74,131.72,132.69,"99,116,594"
12/30/2020,135.58,135.99,133.4,133.72,"96,452,117"
12/29/2020,138.05,138.79,134.34,134.87,"121,047,297"
12/28/2020,133.99,137.34,133.51,136.69,"124,486,203"
12/24/2020,131.32,133.46,131.1,131.97,"54,930,059"
12/23/2020,132.16,132.43,130.78,130.96,"88,223,688"
12/22/2020,131.61,134.41,129.65,131.88,"169,351,812"
12/21/2020,125.02,128.31,123.45,128.23,"121,251,602"
12/18/2020,128.96,129.1,126.12,126.66,"192,541,500"
12/17/2020,128.9,129.58,128.05,128.7,"94,359,805"
12/16/2020,127.41,128.37,126.56,127.81,"98,208,594"
12/15/2020,124.34,127.9,124.13,127.88,"157,572,297"
12/14/2020,122.6,123.35,121.54,121.78,"79,075,992"
12/11/2020,122.43,122.76,120.55,122.41,"86,939,789"
12/10/2020,120.5,123.87,120.15,123.24,"81,312,172"
12/9/2020,124.53,125.95,121,121.78,"115,089,203"
12/8/2020,124.37,124.98,123.09,124.38,"82,225,516"
12/7/2020,122.31,124.57,122.25,123.75,"86,711,992"
12/4/2020,122.6,122.86,121.52,122.25,"78,260,414"
12/3/2020,123.52,123.78,122.21,122.94,"78,967,633"
12/2/2020,122.02,123.37,120.89,123.08,"89,004,203"
12/1/2020,121.01,123.47,120.01,122.72,"128,166,797"
11/30/2020,116.97,120.97,116.81,119.05,"169,410,203"
11/27/2020,116.57,117.49,116.22,116.59,"46,691,328"
11/25/2020,115.55,116.75,115.17,116.03,"76,499,234"
11/24/2020,113.91,115.85,112.59,115.17,"113,874,203"
11/23/2020,117.18,117.62,113.75,113.85,"127,959,297"
11/20/2020,118.64,118.77,117.29,117.34,"73,604,289"
11/19/2020,117.59,119.06,116.81,118.64,"74,112,969"
11/18/2020,118.61,119.82,118,118.03,"76,322,109"
11/17/2020,119.55,120.67,118.96,119.39,"74,270,969"
11/16/2020,118.92,120.99,118.15,120.3,"91,183,023"
11/13/2020,119.44,119.67,117.87,119.26,"81,688,594"
11/12/2020,119.62,120.53,118.57,119.21,"103,350,703"
11/11/2020,117.19,119.63,116.44,119.49,"112,295,000"
11/10/2020,115.55,117.59,114.13,115.97,"138,023,391"
11/9/2020,120.5,121.99,116.05,116.32,"154,515,297"
11/6/2020,118.32,119.2,116.13,118.69,"114,457,906"
11/5/2020,117.95,119.62,116.87,119.03,"126,387,102"
11/4/2020,114.14,115.59,112.35,114.95,"138,235,500"
11/3/2020,109.66,111.49,108.73,110.44,"107,624,398"
11/2/2020,109.11,110.68,107.32,108.77,"122,866,898"
10/30/2020,111.06,111.99,107.72,108.86,"190,573,500"
10/29/2020,112.37,116.93,112.2,115.32,"146,129,203"
10/28/2020,115.05,115.43,111.1,111.2,"143,937,797"
10/27/2020,115.49,117.28,114.54,116.6,"92,276,766"
10/26/2020,114.01,116.55,112.88,115.05,"111,850,703"
10/23/2020,116.39,116.55,114.28,115.04,"82,572,648"
10/22/2020,117.45,118.04,114.59,115.75,"101,988,000"
10/21/2020,116.67,118.71,116.45,116.87,"89,945,984"
10/20/2020,116.2,118.98,115.63,117.51,"124,423,695"
10/19/2020,119.96,120.42,115.66,115.98,"120,639,297"
10/16/2020,121.28,121.55,118.81,119.02,"115,393,797"
10/15/2020,118.72,121.2,118.15,120.71,"112,559,203"
10/14/2020,121,123.03,119.62,121.19,"151,062,297"
10/13/2020,125.27,125.39,119.65,121.1,"262,330,500"
10/12/2020,120.06,125.18,119.28,124.4,"240,226,797"
10/9/2020,115.28,117,114.92,116.97,"100,506,898"
10/8/2020,116.25,116.4,114.59,114.97,"83,477,148"
10/7/2020,114.62,115.55,114.13,115.08,"96,848,992"
10/6/2020,115.7,116.12,112.25,113.16,"161,498,203"
10/5/2020,113.91,116.65,113.55,116.5,"106,243,797"
10/2/2020,112.89,115.37,112.22,113.02,"144,712,000"
10/1/2020,117.64,117.72,115.83,116.79,"116,120,398"
9/30/2020,113.79,117.26,113.62,115.81,"142,675,203"
9/29/2020,114.55,115.31,113.57,114.09,"100,060,492"
9/28/2020,115.01,115.32,112.78,114.96,"137,672,406"
9/25/2020,108.43,112.44,107.67,112.28,"149,981,406"
9/24/2020,105.17,110.25,105,108.22,"167,743,297"
9/23/2020,111.62,112.11,106.77,107.12,"150,718,703"
9/22/2020,112.68,112.86,109.16,111.81,"183,055,391"
9/21/2020,104.54,110.19,103.1,110.08,"195,713,797"
9/18/2020,110.4,110.88,106.09,106.84,"287,104,906"
9/17/2020,109.72,112.2,108.71,110.34,"178,011,016"
9/16/2020,115.23,116,112.04,112.13,"155,026,703"
9/15/2020,118.33,118.83,113.61,115.54,"184,642,000"
9/14/2020,114.72,115.93,112.8,115.36,"140,150,094"
9/11/2020,114.57,115.23,110,112,"180,860,297"
9/10/2020,120.36,120.5,112.5,113.49,"182,274,406"
9/9/2020,117.26,119.14,115.26,117.32,"176,940,500"
9/8/2020,113.95,118.99,112.68,112.82,"231,366,594"
9/4/2020,120.07,123.7,110.89,120.96,"332,607,188"
9/3/2020,126.91,128.84,120.5,120.88,"257,599,594"
9/2/2020,137.59,137.98,127,131.4,"200,119,016"
9/1/2020,132.76,134.8,130.53,134.18,"152,470,094"
8/31/2020,127.58,131,126,129.04,"225,702,703"
8/28/2020,126.01,126.44,124.58,124.81,"187,629,920"
8/27/2020,127.14,127.49,123.83,125.01,"155,552,408"
8/26/2020,126.18,126.99,125.08,126.52,"163,022,264"
8/25/2020,124.7,125.18,123.05,124.83,"211,495,812"
8/24/2020,128.7,128.79,123.94,125.86,"345,937,752"
8/21/2020,119.26,124.87,119.25,124.37,"338,054,656"
8/20/2020,115.75,118.39,115.73,118.28,"126,907,204"
8/19/2020,115.98,117.16,115.61,115.71,"145,538,000"
8/18/2020,114.35,116,114.01,115.56,"105,633,564"
8/17/2020,116.06,116.09,113.96,114.61,"119,561,436"
8/14/2020,114.83,115,113.05,114.91,"165,565,204"
8/13/2020,114.43,116.04,113.93,115.01,"210,082,080"
8/12/2020,110.5,113.28,110.3,113.01,"165,944,828"
8/11/2020,111.97,112.48,109.11,109.38,"187,902,376"
8/10/2020,112.6,113.78,110,112.73,"212,403,436"
8/7/2020,113.21,113.68,110.29,111.11,"198,045,592"
8/6/2020,110.41,114.41,109.8,113.9,"202,428,920"
8/5/2020,109.38,110.39,108.9,110.06,"121,991,960"
8/4/2020,109.13,110.79,108.39,109.67,"172,792,360"
8/3/2020,108.2,111.64,107.89,108.94,"308,151,408"
7/31/2020,102.88,106.42,100.83,106.26,"374,295,500"
7/30/2020,94.19,96.3,93.77,96.19,"158,130,048"
7/29/2020,93.75,95.23,93.71,95.04,"90,329,244"
7/28/2020,94.37,94.55,93.25,93.25,"103,625,524"
7/27/2020,93.71,94.91,93.48,94.81,"121,214,204"
7/24/2020,90.99,92.97,89.15,92.62,"185,438,876"
7/23/2020,97,97.08,92.01,92.85,"197,004,452"
7/22/2020,96.69,97.98,96.6,97.27,"89,001,640"
7/21/2020,99.17,99.25,96.74,97,"103,645,844"
7/20/2020,96.42,98.5,96.06,98.36,"90,317,920"
7/17/2020,96.99,97.15,95.84,96.33,"92,186,920"
7/16/2020,96.56,97.41,95.91,96.52,"110,577,680"
7/15/2020,98.99,99.25,96.49,97.73,"153,197,920"
7/14/2020,94.84,97.26,93.88,97.06,"170,989,360"
7/13/2020,97.27,99.96,95.26,95.48,"191,649,156"
7/10/2020,95.34,95.98,94.71,95.92,"90,257,320"
7/9/2020,96.26,96.32,94.67,95.68,"125,642,600"
7/8/2020,94.18,95.38,94.09,95.34,"117,091,884"
7/7/2020,93.85,94.66,93.06,93.17,"112,424,436"
7/6/2020,92.5,93.95,92.47,93.46,"118,655,640"
7/2/2020,91.96,92.62,90.91,91.03,"114,041,476"
7/1/2020,91.28,91.84,90.98,91.03,"110,737,244"
6/30/2020,90.02,91.5,90,91.2,"140,223,280"
6/29/2020,88.31,90.54,87.82,90.45,"130,646,080"
6/26/2020,91.1,91.33,88.26,88.41,"205,256,828"
6/25/2020,90.18,91.25,89.39,91.21,"137,522,532"
6/24/2020,91.25,92.2,89.63,90.02,"192,623,392"
6/23/2020,91,93.1,90.57,91.63,"212,155,484"
6/22/2020,87.84,89.87,87.79,89.72,"135,445,280"
6/19/2020,88.66,89.14,86.29,87.43,"264,475,812"
6/18/2020,87.85,88.36,87.31,87.93,"96,820,400"
6/17/2020,88.79,88.85,87.77,87.9,"114,406,524"
6/16/2020,87.87,88.3,86.18,88.02,"165,428,720"
6/15/2020,83.31,86.42,83.15,85.75,"138,808,920"
6/12/2020,86.18,86.95,83.56,84.7,"200,146,048"
6/11/2020,87.33,87.77,83.87,83.98,"201,662,436"
6/10/2020,86.98,88.69,86.52,88.21,"166,651,764"
6/9/2020,83.04,86.4,83,86,"147,712,360"
6/8/2020,82.56,83.4,81.83,83.37,"95,654,524"
6/5/2020,80.84,82.94,80.81,82.88,"137,250,204"
6/4/2020,81.1,81.41,80.2,80.58,"87,560,360"
6/3/2020,81.17,81.55,80.58,81.28,"104,491,204"
6/2/2020,80.19,80.86,79.73,80.84,"87,642,796"
6/1/2020,79.44,80.59,79.3,80.46,"81,018,600"
5/29/2020,79.81,80.29,79.12,79.49,"153,598,108"
5/28/2020,79.19,80.86,78.91,79.56,"133,796,408"
5/27/2020,79.04,79.68,78.27,79.53,"112,945,080"
5/26/2020,80.88,81.06,79.13,79.18,"125,521,796"
5/22/2020,78.94,79.81,78.84,79.72,"81,803,000"
5/21/2020,79.67,80.22,78.97,79.21,"102,688,844"
5/20/2020,79.17,79.88,79.05,79.81,"111,504,884"
5/19/2020,78.76,79.63,78.25,78.29,"101,729,564"
5/18/2020,78.29,79.13,77.58,78.74,"135,372,516"
5/15/2020,75.09,76.98,75.05,76.93,"166,348,360"
5/14/2020,76.13,77.45,75.38,77.39,"158,929,092"
5/13/2020,78.04,78.99,75.8,76.91,"200,622,564"
5/12/2020,79.46,79.92,77.73,77.85,"162,301,048"
5/11/2020,77.03,79.26,76.81,78.75,"145,946,236"
5/8/2020,76.41,77.59,76.07,77.53,"134,047,952"
5/7/2020,75.81,76.29,75.49,75.94,"115,215,040"
5/6/2020,75.12,75.81,74.72,75.16,"142,333,764"
5/5/2020,73.77,75.25,73.62,74.39,"147,751,204"
5/4/2020,72.29,73.42,71.58,73.29,"133,567,952"
5/1/2020,71.56,74.75,71.46,72.27,"240,616,720"
4/30/2020,72.49,73.63,72.09,73.45,"183,063,876"
4/29/2020,71.18,72.42,70.97,71.93,"137,280,796"
4/28/2020,71.27,71.46,69.55,69.65,"112,004,756"
4/27/2020,70.45,71.14,69.99,70.79,"117,087,564"
4/24/2020,69.3,70.75,69.25,70.74,"126,508,720"
4/23/2020,68.97,70.44,68.72,68.76,"124,814,320"
4/22/2020,68.4,69.48,68.05,69.03,"117,057,360"
4/21/2020,69.07,69.31,66.36,67.09,"180,991,548"
4/20/2020,69.49,70.42,69.21,69.23,"130,015,000"
4/17/2020,71.17,71.74,69.22,70.7,"215,249,920"
4/16/2020,71.85,72.05,70.59,71.67,"157,125,156"
4/15/2020,70.6,71.58,70.16,71.11,"131,154,564"
4/14/2020,70,72.06,69.51,71.76,"194,994,688"
4/13/2020,67.08,68.43,66.46,68.31,"131,022,920"
4/9/2020,67.18,67.52,66.18,67,"162,116,484"
4/8/2020,65.69,66.84,65.31,66.52,"168,895,280"
4/7/2020,67.7,67.93,64.75,64.86,"202,887,328"
4/6/2020,62.73,65.78,62.35,65.62,"200,337,200"
4/3/2020,60.7,61.43,59.74,60.35,"129,880,080"
4/2/2020,60.09,61.29,59.23,61.23,"165,933,952"
4/1/2020,61.63,62.18,59.78,60.23,"176,218,564"
3/31/2020,63.9,65.62,63,63.57,"197,002,000"
3/30/2020,62.69,63.88,62.35,63.7,"167,976,452"
3/27/2020,63.19,63.97,61.76,61.94,"204,216,608"
3/26/2020,61.63,64.67,61.59,64.61,"252,560,672"
3/25/2020,62.69,64.56,61.08,61.38,"303,602,064"
3/24/2020,59.09,61.92,58.58,61.72,"287,531,064"
3/23/2020,57.02,57.12,53.15,56.09,"336,752,844"
3/20/2020,61.8,62.96,57,57.31,"401,693,188"
3/19/2020,61.85,63.21,60.65,61.2,"271,857,032"
3/18/2020,59.94,62.5,59.28,61.67,"300,233,624"
3/17/2020,61.88,64.4,59.6,63.22,"324,055,876"
3/16/2020,60.49,64.77,60,60.55,"322,423,500"
3/13/2020,66.22,69.98,63.24,69.49,"370,732,124"
3/12/2020,63.99,67.5,62,62.06,"418,473,968"
3/11/2020,69.35,70.31,67.97,68.86,"256,379,876"
3/10/2020,69.29,71.61,67.34,71.34,"285,290,092"
3/9/2020,65.94,69.52,65.75,66.54,"286,744,844"
3/6/2020,70.5,72.71,70.31,72.26,"226,176,984"
3/5/2020,73.88,74.89,72.85,73.23,"187,572,876"
3/4/2020,74.11,75.85,73.28,75.69,"219,178,264"
3/3/2020,75.92,76,71.45,72.33,"319,475,408"
3/2/2020,70.57,75.36,69.43,74.7,"341,397,376"
2/28/2020,64.32,69.6,64.09,68.34,"426,884,812"
2/27/2020,70.28,71.5,68.24,68.38,"320,605,500"
2/26/2020,71.63,74.47,71.63,73.16,"198,713,736"
2/25/2020,75.24,75.63,71.53,72.02,"230,673,436"
2/24/2020,74.32,76.05,72.31,74.55,"222,195,328"
2/21/2020,79.66,80.11,77.63,78.26,"129,705,680"
2/20/2020,80.66,81.16,79.55,80.08,"100,565,960"
2/19/2020,80,81.14,80,80.91,"93,983,960"
2/18/2020,78.84,79.94,78.65,79.75,"152,762,204"
2/14/2020,81.19,81.5,80.71,81.24,"80,113,796"
2/13/2020,81.05,81.56,80.84,81.22,"94,747,564"
2/12/2020,80.37,81.81,80.37,81.8,"113,730,280"
2/11/2020,80.9,80.98,79.68,79.9,"94,323,116"
2/10/2020,78.55,80.39,78.46,80.39,"109,348,884"
2/7/2020,80.59,80.85,79.5,80.01,"117,684,040"
2/6/2020,80.64,81.31,80.07,81.3,"105,425,564"
2/5/2020,80.88,81.19,79.74,80.36,"118,826,884"
2/4/2020,78.83,79.91,78.41,79.71,"136,616,516"
2/3/2020,76.08,78.37,75.56,77.17,"173,985,592"
1/31/2020,80.23,80.67,77.07,77.38,"199,588,408"
1/30/2020,80.14,81.02,79.69,80.97,"126,743,244"
1/29/2020,81.11,81.96,80.35,81.09,"216,599,720"
1/28/2020,78.15,79.6,78.05,79.42,"162,233,952"
1/27/2020,77.52,77.94,76.22,77.24,"161,940,032"
1/24/2020,80.06,80.83,79.38,79.58,"146,537,516"
1/23/2020,79.48,79.89,78.91,79.81,"104,471,960"
1/22/2020,79.65,80,79.33,79.43,"101,832,476"
1/21/2020,79.3,79.76,79,79.14,"110,843,244"
1/17/2020,79.07,79.69,78.75,79.68,"137,816,484"
1/16/2020,78.4,78.93,78.02,78.81,"108,829,000"
1/15/2020,77.96,78.88,77.39,77.84,"121,923,524"
1/14/2020,79.18,79.39,78.04,78.17,"162,613,844"
1/13/2020,77.91,79.27,77.79,79.24,"122,086,884"
1/10/2020,77.65,78.17,77.06,77.58,"140,869,092"
1/9/2020,76.81,77.61,76.55,77.41,"170,486,156"
1/8/2020,74.29,76.11,74.29,75.8,"132,363,796"
1/7/2020,74.96,75.23,74.37,74.6,"111,510,640"
1/6/2020,73.45,74.99,73.19,74.95,"118,578,564"
1/3/2020,74.29,75.15,74.13,74.36,"146,535,516"
1/2/2020,74.06,75.15,73.8,75.09,"135,647,436"
12/31/2019,72.48,73.42,72.38,73.41,"100,990,524"
12/30/2019,72.37,73.17,71.31,72.88,"144,238,436"
12/27/2019,72.78,73.49,72.03,72.45,"146,371,764"
12/26/2019,71.21,72.5,71.18,72.48,"93,336,000"
12/24/2019,71.17,71.22,70.73,71.07,"48,478,840"
12/23/2019,70.13,71.06,70.09,71,"98,711,524"
12/20/2019,70.56,70.66,69.64,69.86,"276,130,936"
12/19/2019,69.88,70.3,69.74,70.01,"98,507,796"
12/18/2019,69.95,70.48,69.78,69.94,"116,098,756"
12/17/2019,69.89,70.44,69.7,70.1,"114,303,204"
12/16/2019,69.25,70.2,69.25,69.97,"128,324,436"
12/13/2019,67.87,68.83,67.73,68.79,"131,677,592"
12/12/2019,66.95,68.14,66.83,67.87,"137,748,156"
12/11/2019,67.2,67.78,67.13,67.69,"78,893,564"
12/10/2019,67.15,67.52,66.47,67.12,"90,529,524"
12/9/2019,67.5,67.7,66.23,66.73,"128,730,600"
12/6/2019,66.87,67.75,66.83,67.68,"106,189,960"
12/5/2019,65.95,66.47,65.68,66.4,"74,645,360"
12/4/2019,65.27,65.83,65.17,65.44,"67,241,564"
12/3/2019,64.58,64.88,64.07,64.86,"117,509,080"
12/2/2019,66.82,67.06,65.86,66.04,"94,774,204"
11/29/2019,66.65,67,66.48,66.81,"46,617,440"
11/27/2019,66.4,67,66.33,66.96,"65,544,476"
11/26/2019,66.74,66.79,65.63,66.07,"105,339,524"
11/25/2019,65.68,66.61,65.63,66.59,"84,118,080"
11/22/2019,65.65,65.8,65.21,65.45,"65,325,040"
11/21/2019,65.92,66,65.3,65.5,"121,395,116"
11/20/2019,66.39,66.52,65.1,65.8,"106,439,680"
11/19/2019,66.98,67,66.35,66.57,"76,278,400"
11/18/2019,66.45,66.86,66.06,66.78,"86,803,600"
11/15/2019,65.92,66.45,65.75,66.44,"100,374,680"
11/14/2019,65.94,66.22,65.53,65.66,"89,582,244"
11/13/2019,65.28,66.2,65.27,66.12,"103,270,360"
11/12/2019,65.39,65.7,65.23,65.49,"87,388,920"
11/11/2019,64.58,65.62,64.57,65.55,"82,029,844"
11/8/2019,64.67,65.11,64.21,65.04,"70,082,000"
11/7/2019,64.69,65.09,64.53,64.86,"94,940,320"
11/6/2019,64.19,64.37,63.84,64.31,"75,864,476"
11/5/2019,64.26,64.55,64.08,64.28,"79,897,720"
11/4/2019,64.33,64.46,63.85,64.38,"103,271,796"
11/1/2019,62.39,63.98,62.29,63.96,"151,125,312"
10/31/2019,61.81,62.29,59.32,62.19,"139,162,080"
10/30/2019,61.19,61.33,60.3,60.82,"124,522,080"
10/29/2019,62.24,62.44,60.64,60.82,"142,839,484"
10/28/2019,61.86,62.31,61.68,62.26,"96,572,960"
10/25/2019,60.79,61.68,60.72,61.65,"73,477,204"
10/24/2019,61.13,61.2,60.45,60.9,"71,665,040"
10/23/2019,60.53,60.81,60.31,60.8,"79,730,204"
10/22/2019,60.29,60.55,59.91,59.99,"90,736,000"
10/21/2019,59.38,60.25,59.33,60.13,"89,469,920"
10/18/2019,58.65,59.4,58.57,59.1,"97,508,680"
10/17/2019,58.77,59.04,58.38,58.82,"69,091,600"
10/16/2019,58.34,58.81,58.3,58.59,"77,146,756"
10/15/2019,59.1,59.41,58.72,58.83,"92,161,920"
10/14/2019,58.73,59.53,58.67,58.97,"97,653,920"
10/11/2019,58.24,59.41,58.08,59.05,"167,960,828"
10/10/2019,56.98,57.61,56.83,57.52,"115,851,920"
10/9/2019,56.76,56.95,56.41,56.76,"76,117,680"
10/8/2019,56.46,57.02,56.08,56.1,"117,130,796"
10/7/2019,56.57,57.48,56.46,56.77,"123,557,080"
10/4/2019,56.41,56.87,55.97,56.75,"139,022,204"
10/3/2019,54.61,55.24,53.78,55.21,"121,410,756"
10/2/2019,55.77,55.9,54.48,54.74,"143,069,048"
10/1/2019,56.27,57.06,56.05,56.15,"144,748,640"
9/30/2019,55.23,56.15,55.2,55.99,"105,274,320"
9/27/2019,55.14,55.24,54.32,54.71,"101,445,156"
9/26/2019,55,55.24,54.71,54.97,"76,353,244"
9/25/2019,54.64,55.38,54.29,55.26,"89,924,040"
9/24/2019,55.26,55.62,54.3,54.42,"125,737,476"
9/23/2019,54.74,54.96,54.41,54.68,"77,678,600"
9/20/2019,55.35,55.64,54.37,54.43,"231,908,360"
9/19/2019,55.5,55.94,55.09,55.24,"88,751,524"
9/18/2019,55.27,55.71,54.86,55.69,"102,572,360"
9/17/2019,54.99,55.21,54.78,55.18,"73,545,884"
9/16/2019,54.43,55.03,54.39,54.98,"84,632,564"
9/13/2019,55,55.2,54.26,54.69,"159,053,204"
9/12/2019,56.2,56.61,55.72,55.77,"128,906,680"
9/11/2019,54.52,55.93,54.43,55.9,"177,158,592"
9/10/2019,53.47,54.2,52.93,54.18,"127,111,720"
9/9/2019,53.71,54.11,52.77,53.54,"109,237,600"
9/6/2019,53.51,53.61,53.13,53.32,"77,449,156"
9/5/2019,53,53.49,52.88,53.32,"95,787,524"
9/4/2019,52.1,52.37,51.83,52.3,"76,867,280"
9/3/2019,51.61,51.75,51.06,51.43,"80,238,280"
8/30/2019,52.54,52.61,51.8,52.19,"84,650,244"
8/29/2019,52.13,52.33,51.66,52.25,"84,030,600"
8/28/2019,51.03,51.43,50.83,51.38,"63,830,520"
8/27/2019,51.97,52.14,50.88,51.04,"103,589,360"
8/26/2019,51.47,51.8,51.26,51.62,"104,264,524"
8/23/2019,52.36,53.01,50.25,50.66,"187,531,360"
8/22/2019,53.3,53.61,52.69,53.12,"89,071,280"
8/21/2019,53.25,53.41,52.9,53.16,"86,259,000"
8/20/2019,52.72,53.34,52.58,52.59,"107,678,116"
8/19/2019,52.66,53.18,52.51,52.59,"97,727,680"
8/16/2019,51.07,51.79,50.96,51.63,"115,254,476"
8/15/2019,50.87,51.29,49.92,50.44,"111,533,436"
8/14/2019,50.79,51.61,50.65,50.69,"146,189,764"
8/13/2019,50.26,53.04,50.21,52.24,"190,159,172"
8/12/2019,49.91,50.51,49.79,50.12,"89,927,564"
8/9/2019,50.33,50.69,49.82,50.25,"98,479,000"
8/8/2019,50.05,50.88,49.85,50.86,"108,038,080"
8/7/2019,48.85,49.89,48.46,49.76,"133,457,592"
8/6/2019,49.08,49.52,48.51,49.25,"143,299,172"
8/5/2019,49.5,49.66,48.15,48.34,"209,571,876"
8/2/2019,51.38,51.61,50.41,51.01,"163,448,484"
8/1/2019,53.48,54.51,51.69,52.11,"216,071,688"
7/31/2019,54.11,55.34,52.83,53.26,"277,125,436"
7/30/2019,52.19,52.54,51.83,52.2,"135,742,876"
7/29/2019,52.12,52.66,52.11,52.42,"86,693,564"
7/26/2019,51.87,52.43,51.79,51.94,"70,475,476"
7/25/2019,52.22,52.31,51.68,51.76,"55,638,240"
7/24/2019,51.92,52.29,51.79,52.17,"59,966,280"
7/23/2019,52.12,52.23,51.82,52.21,"73,420,844"
7/22/2019,50.91,51.81,50.9,51.81,"89,111,720"
7/19/2019,51.45,51.63,50.59,50.65,"83,717,244"
7/18/2019,51,51.47,50.93,51.42,"74,328,640"
7/17/2019,51.01,51.27,50.82,50.84,"56,429,800"
7/16/2019,51.15,51.53,50.88,51.13,"67,467,280"
7/15/2019,51.02,51.47,51,51.3,"67,789,680"
7/12/2019,50.61,51,50.55,50.83,"70,380,844"
7/11/2019,50.83,51.1,50.43,50.44,"80,767,360"
7/10/2019,50.46,50.93,50.39,50.81,"71,588,564"
7/9/2019,49.8,50.38,49.7,50.31,"82,312,080"
7/8/2019,50.2,50.35,49.6,50.01,"101,354,524"
7/5/2019,50.84,51.27,50.73,51.06,"69,062,080"
7/3/2019,50.82,51.11,50.67,51.1,"45,448,200"
7/2/2019,50.35,50.78,50.34,50.68,"67,740,884"
7/1/2019,50.79,51.12,50.16,50.39,"109,266,960"
6/28/2019,49.67,49.87,49.26,49.48,"124,442,564"
6/27/2019,50.07,50.39,49.89,49.94,"83,598,884"
6/26/2019,49.44,50.25,49.34,49.95,"104,270,040"
6/25/2019,49.61,49.82,48.82,48.89,"84,281,320"
6/24/2019,49.64,50.04,49.54,49.65,"72,881,680"
6/21/2019,49.7,50.21,49.54,49.7,"191,202,376"
6/20/2019,50.09,50.15,49.51,49.87,"86,055,960"
6/19/2019,49.92,49.97,49.33,49.47,"84,496,960"
6/18/2019,49.01,50.07,48.8,49.61,"106,204,000"
6/17/2019,48.23,48.74,48.04,48.47,"58,676,560"
6/14/2019,47.89,48.4,47.58,48.19,"75,045,884"
6/13/2019,48.68,49.2,48.4,48.54,"86,698,524"
6/12/2019,48.49,48.99,48.35,48.55,"73,012,756"
6/11/2019,48.72,49,48.4,48.7,"107,731,524"
6/10/2019,47.95,48.84,47.91,48.15,"104,883,400"
6/7/2019,46.63,47.98,46.44,47.54,"122,737,564"
6/6/2019,45.77,46.37,45.54,46.31,"90,105,244"
6/5/2019,46.07,46.25,45.29,45.64,"119,093,720"
6/4/2019,43.86,44.96,43.63,44.91,"123,871,844"
6/3/2019,43.9,44.48,42.57,43.33,"161,584,280"
5/31/2019,44.06,44.5,43.75,43.77,"108,174,320"
5/30/2019,44.49,44.81,44.17,44.58,"84,873,640"
5/29/2019,44.11,44.84,44,44.35,"113,924,680"
5/28/2019,44.73,45.15,44.48,44.56,"111,792,640"
5/24/2019,45.05,45.54,44.66,44.74,"94,858,756"
5/23/2019,44.95,45.14,44.45,44.92,"146,118,952"
5/22/2019,46.17,46.43,45.64,45.7,"118,994,244"
5/21/2019,46.31,47,46.18,46.65,"113,459,400"
5/20/2019,45.88,46.09,45.07,45.77,"154,449,156"
5/17/2019,46.73,47.73,46.69,47.25,"131,516,360"
5/16/2019,47.48,48.12,47.21,47.52,"132,125,436"
5/15/2019,46.57,47.94,46.51,47.73,"106,178,884"
5/14/2019,46.6,47.43,46.35,47.17,"146,118,720"
5/13/2019,46.93,47.37,45.71,46.43,"229,722,484"
5/10/2019,49.35,49.71,48.19,49.3,"164,834,844"
5/9/2019,50.1,50.42,49.17,50.18,"139,634,436"
5/8/2019,50.48,51.34,50.44,50.73,"105,358,000"
5/7/2019,51.47,51.85,50.21,50.72,"155,054,796"
5/6/2019,51.07,52.21,50.88,52.12,"129,772,436"
5/3/2019,52.72,52.96,52.56,52.94,"83,569,524"
5/2/2019,52.46,53.16,52.03,52.29,"127,985,280"
5/1/2019,52.47,53.83,52.31,52.63,"259,309,312"
4/30/2019,50.77,50.85,49.78,50.17,"186,139,688"
4/29/2019,51.1,51.49,50.97,51.15,"88,818,884"
4/26/2019,51.23,51.25,50.53,51.08,"74,596,400"
4/25/2019,51.71,51.94,51.28,51.32,"74,172,844"
4/24/2019,51.84,52.12,51.76,51.79,"70,162,436"
4/23/2019,51.11,51.94,50.98,51.87,"93,291,960"
4/22/2019,50.71,51.24,50.59,51.13,"77,758,204"
4/18/2019,50.78,51.04,50.63,50.97,"96,783,080"
4/17/2019,49.89,50.85,49.65,50.78,"115,627,116"
4/16/2019,49.87,50.34,49.64,49.81,"102,785,564"
4/15/2019,49.65,49.96,49.5,49.81,"70,146,600"
4/12/2019,49.8,50.04,49.05,49.72,"111,042,680"
4/11/2019,50.21,50.25,49.61,49.74,"83,603,244"
4/10/2019,49.67,50.19,49.55,50.16,"86,781,156"
4/9/2019,50.08,50.71,49.81,49.88,"143,072,952"
4/8/2019,49.11,50.06,49.09,50.03,"103,526,796"
4/5/2019,49.11,49.28,48.98,49.25,"74,106,564"
4/4/2019,48.7,49.09,48.29,48.92,"76,457,116"
4/3/2019,48.31,49.13,48.29,48.84,"93,087,320"
4/2/2019,47.77,48.62,47.76,48.51,"91,062,920"
4/1/2019,47.91,47.92,47.1,47.81,"111,447,844"
3/29/2019,47.46,47.52,47.14,47.49,"94,255,844"
3/28/2019,47.24,47.39,46.88,47.18,"83,121,436"
3/27/2019,47.19,47.44,46.64,47.12,"119,393,720"
3/26/2019,47.92,48.22,46.15,46.7,"199,202,156"
3/25/2019,47.88,48,46.65,47.19,"175,381,156"
3/22/2019,48.84,49.42,47.7,47.76,"169,630,688"
3/21/2019,47.51,49.08,47.45,48.77,"204,136,952"
3/20/2019,46.56,47.37,46.18,47.04,"124,140,920"
3/19/2019,47.09,47.25,46.48,46.63,"126,585,476"
3/18/2019,46.45,47.1,46.45,47.01,"104,879,320"
3/15/2019,46.21,46.83,45.94,46.53,"156,171,640"
3/14/2019,45.98,46.03,45.64,45.93,"94,318,040"
3/13/2019,45.56,45.83,45.23,45.43,"124,130,080"
3/12/2019,45,45.67,44.84,45.23,"129,870,320"
3/11/2019,43.87,44.78,43.84,44.73,"128,044,116"
3/8/2019,42.58,43.27,42.38,43.23,"95,997,436"
3/7/2019,43.47,43.61,43.01,43.13,"99,185,476"
3/6/2019,43.67,43.87,43.49,43.63,"83,241,524"
3/5/2019,43.99,44,43.64,43.88,"78,949,680"
3/4/2019,43.92,44.44,43.49,43.96,"109,744,796"
3/1/2019,43.57,43.79,43.22,43.74,"103,544,680"
2/28/2019,43.58,43.73,43.23,43.29,"112,861,680"
2/27/2019,43.3,43.75,43.18,43.72,"111,341,564"
2/26/2019,43.43,43.83,43.29,43.58,"68,280,844"
2/25/2019,43.54,43.97,43.49,43.56,"87,493,436"
